system,ticket_id,class,passed,latency_s,total_tokens,cost_usd,llm_calls,path
agent,TCK-7001,straight,1,1.349,2842,0.018310,4,get_ticket>get_order>lookup_refund_policy
agent,TCK-7002,straight,1,1.280,2789,0.017865,4,get_ticket>get_order>lookup_refund_policy
agent,TCK-7003,straight,1,1.320,2814,0.018230,4,get_ticket>get_order>lookup_refund_policy
agent,TCK-7004,branch,1,1.323,2752,0.018000,4,get_ticket>get_order>lookup_refund_policy
agent,TCK-7005,branch,1,1.308,2793,0.018145,4,get_ticket>get_order>lookup_refund_policy
agent,TCK-7006,branch,1,1.317,2820,0.018340,4,get_ticket>get_order>lookup_refund_policy
agent,TCK-7007,straight,1,1.314,2818,0.018230,4,get_ticket>get_order>lookup_refund_policy
agent,TCK-7008,branch,1,1.365,2839,0.018655,4,get_ticket>get_order>lookup_refund_policy
agent,TCK-7009,multi_order,1,1.563,3783,0.023535,5,get_ticket>get_order>get_order>lookup_refund_policy
agent,TCK-7010,branch,1,1.083,1983,0.013795,3,get_ticket>lookup_refund_policy
workflow,TCK-7001,straight,1,0.582,354,0.003870,1,get_ticket>get_order>lookup_refund_policy
workflow,TCK-7002,straight,1,0.559,331,0.003575,1,get_ticket>get_order>lookup_refund_policy
workflow,TCK-7003,straight,1,0.593,352,0.003920,1,get_ticket>get_order>lookup_refund_policy
workflow,TCK-7004,branch,1,0.593,318,0.003790,1,get_ticket>get_order>lookup_refund_policy
workflow,TCK-7005,branch,1,0.586,338,0.003850,1,get_ticket>get_order>lookup_refund_policy
workflow,TCK-7006,branch,1,0.596,351,0.003955,1,get_ticket>get_order>lookup_refund_policy
workflow,TCK-7007,straight,1,0.586,348,0.003880,1,get_ticket>get_order>lookup_refund_policy
workflow,TCK-7008,branch,1,0.636,368,0.004300,1,get_ticket>get_order>lookup_refund_policy
workflow,TCK-7009,multi_order,0,0.580,357,0.003885,1,get_ticket>get_order>lookup_refund_policy
workflow,TCK-7010,branch,1,0.617,315,0.003895,1,get_ticket>get_order>lookup_refund_policy

system,pass_rate,p50_latency_s,total_tokens,cost_per_ticket_usd
agent,1.00,1.319,28233,0.018311
workflow,0.90,0.590,3432,0.003892
